,Name,Due,Late,Cost,Time,Done,Status,Order
0,§1 Вопрос 1,"October 31, 2021",0,274.73,,No,Not started,0
1,§1 Вопрос 2,"October 31, 2021",0,274.73,,No,Not started,1
2,§1 Вопрос 3,"October 31, 2021",0,274.73,,No,Not started,2
3,§1 Вопрос 4,"October 31, 2021",0,274.73,,No,Not started,3
4,§1 Вопрос 5,"October 31, 2021",0,274.73,,No,Not started,4
5,§1 Вопрос 6,"October 31, 2021",0,274.73,,No,Not started,5
6,§1 Упражнение 1.1,"October 31, 2021",0,274.73,,No,Not started,6
7,§1 Упражнение 1.2,"October 31, 2021",0,274.73,,No,Not started,7
8,§1 Упражнение 1.3,"October 31, 2021",0,274.73,,No,Not started,8
9,§1 Упражнение 1.4,"October 31, 2021",0,274.73,,No,Not started,9
10,§1 Упражнение 1.5,"October 31, 2021",0,274.73,,No,Not started,10
11,§2 Вопрос 1,"October 31, 2021",0,274.73,,No,Not started,11
12,§2 Вопрос 2,"October 31, 2021",0,274.73,,No,Not started,12
13,§2 Вопрос 3,"October 31, 2021",0,274.73,,No,Not started,13
14,§2 Упражнение 2.1,"October 31, 2021",0,274.73,,No,Not started,14
15,§2 Упражнение 2.2,"October 31, 2021",0,274.73,,No,Not started,15
16,§3 Вопрос 1,"October 31, 2021",0,274.73,,No,Not started,16
17,§3 Вопрос 2,"October 31, 2021",0,274.73,,No,Not started,17
18,§3 Вопрос 3,"October 31, 2021",0,274.73,,No,Not started,18
19,§3 Упражнение 3.1,"October 31, 2021",0,274.73,,No,Not started,19
20,§3 Упражнение 3.2,"October 31, 2021",0,274.73,,No,Not started,20
21,§4 Вопрос 1,"October 31, 2021",0,274.73,,No,Not started,21
22,§4 Вопрос 2,"October 31, 2021",0,274.73,,No,Not started,22
23,§4 Вопрос 3,"October 31, 2021",0,274.73,,No,Not started,23
24,§4 Вопрос 4,"October 31, 2021",0,274.73,,No,Not started,24
25,§4 Упражнение 4.1,"October 31, 2021",0,274.73,,No,Not started,25
26,§4 Упражнение 4.2,"October 31, 2021",0,274.73,,No,Not started,26
27,§5 Вопрос 1,"October 31, 2021",0,274.73,,No,Not started,27
28,§5 Вопрос 2,"October 31, 2021",0,274.73,,No,Not started,28
29,§5 Вопрос 3,"October 31, 2021",0,274.73,,No,Not started,29
30,§5 Вопрос 4,"October 31, 2021",0,274.73,,No,Not started,30
31,§5 Вопрос 5,"October 31, 2021",0,274.73,,No,Not started,31
32,§5 Вопрос 6,"October 31, 2021",0,274.73,,No,Not started,32
33,§5 Упражнение 5.1,"October 31, 2021",0,274.73,,No,Not started,33
34,§5 Упражнение 5.2,"October 31, 2021",0,274.73,,No,Not started,34
35,§5 Упражнение 5.3,"October 31, 2021",0,274.73,,No,Not started,35
36,§6 Вопрос 1,"October 31, 2021",0,274.73,,No,Not started,36
37,§6 Вопрос 2,"October 31, 2021",0,274.73,,No,Not started,37
38,§6 Вопрос 3,"October 31, 2021",0,274.73,,No,Not started,38
39,§6 Упражнение 6.1,"October 31, 2021",0,274.73,,No,Not started,39
40,§6 Упражнение 6.2,"October 31, 2021",0,274.73,,No,Not started,40
41,§6 Упражнение 6.3,"October 31, 2021",0,274.73,,No,Not started,41
42,§6 Упражнение 6.4,"October 31, 2021",0,274.73,,No,Not started,42
43,§6 Упражнение 6.5,"October 31, 2021",0,274.73,,No,Not started,43
44,§7 Вопрос 1,"October 31, 2021",0,274.73,,No,Not started,44
45,§7 Вопрос 2,"October 31, 2021",0,274.73,,No,Not started,45
46,§7 Упражнение 7.1,"October 31, 2021",0,274.73,,No,Not started,46
47,§7 Упражнение 7.2,"October 31, 2021",0,274.73,,No,Not started,47
48,§7 Упражнение 7.3,"October 31, 2021",0,274.73,,No,Not started,48
49,§8 Вопрос 1,"October 31, 2021",0,274.73,,No,Not started,49
50,§8 Вопрос 2,"October 31, 2021",0,274.73,,No,Not started,50
51,§8 Вопрос 3,"October 31, 2021",0,274.73,,No,Not started,51
52,§8 Вопрос 4,"October 31, 2021",0,274.73,,No,Not started,52
53,§8 Вопрос 5,"October 31, 2021",0,274.73,,No,Not started,53
54,§8 Упражнение 8.1,"October 31, 2021",0,274.73,,No,Not started,54
55,§8 Упражнение 8.2,"October 31, 2021",0,274.73,,No,Not started,55
56,§8 Упражнение 8.3,"October 31, 2021",0,274.73,,No,Not started,56
57,§9 Вопрос 1,"October 31, 2021",0,274.73,,No,Not started,57
58,§9 Вопрос 2,"October 31, 2021",0,274.73,,No,Not started,58
59,§9 Вопрос 3,"October 31, 2021",0,274.73,,No,Not started,59
60,§9 Упражнение 9.1,"October 31, 2021",0,274.73,,No,Not started,60
61,§9 Упражнение 9.2,"October 31, 2021",0,274.73,,No,Not started,61
62,§9 Упражнение 9.3,"October 31, 2021",0,274.73,,No,Not started,62
63,§9 Упражнение 9.4,"October 31, 2021",0,274.73,,No,Not started,63
64,§9 Упражнение 9.5,"October 31, 2021",0,274.73,,No,Not started,64
65,§10 Вопрос 1,"October 31, 2021",0,274.73,,No,Not started,65
66,§10 Вопрос 2,"October 31, 2021",0,274.73,,No,Not started,66
67,§10 Вопрос 3,"October 31, 2021",0,274.73,,No,Not started,67
68,§10 Вопрос 4,"October 31, 2021",0,274.73,,No,Not started,68
69,§10 Вопрос 5,"October 31, 2021",0,274.73,,No,Not started,69
70,§10 Упражнение 10.1,"October 31, 2021",0,274.73,,No,Not started,70
71,§11 Вопрос 1,"October 31, 2021",0,274.73,,No,Not started,71
72,§11 Вопрос 2,"October 31, 2021",0,274.73,,No,Not started,72
73,§11 Вопрос 3,"October 31, 2021",0,274.73,,No,Not started,73
74,§11 Вопрос 4,"October 31, 2021",0,274.73,,No,Not started,74
75,§11 Вопрос 5,"October 31, 2021",0,274.73,,No,Not started,75
76,§11 Упражнение 11.1,"October 31, 2021",0,274.73,,No,Not started,76
77,§11 Упражнение 11.2,"October 31, 2021",0,274.73,,No,Not started,77
78,§11 Упражнение 11.3,"October 31, 2021",0,274.73,,No,Not started,78
79,§11 Упражнение 11.4,"October 31, 2021",0,274.73,,No,Not started,79
80,§11 Упражнение 11.5,"October 31, 2021",0,274.73,,No,Not started,80
81,§11 Упражнение 11.6,"October 31, 2021",0,274.73,,No,Not started,81
82,§12 Вопрос 1,"October 31, 2021",0,274.73,,No,Not started,82
83,§12 Вопрос 2,"October 31, 2021",0,274.73,,No,Not started,83
84,§12 Вопрос 3,"October 31, 2021",0,274.73,,No,Not started,84
85,§12 Вопрос 4,"October 31, 2021",0,274.73,,No,Not started,85
86,§12 Вопрос 5,"October 31, 2021",0,274.73,,No,Not started,86
87,§12 Упражнение 12.1,"October 31, 2021",0,274.73,,No,Not started,87
88,§12 Упражнение 12.2,"October 31, 2021",0,274.73,,No,Not started,88
89,§12 Упражнение 12.3,"October 31, 2021",0,274.73,,No,Not started,89
90,§13 Вопрос 1,"October 31, 2021",0,274.73,,No,Not started,90
91,§13 Вопрос 2,"October 31, 2021",0,274.73,,No,Not started,91
92,§13 Вопрос 3,"October 31, 2021",0,274.73,,No,Not started,92
93,§13 Вопрос 4,"October 31, 2021",0,274.73,,No,Not started,93
94,§13 Вопрос 5,"October 31, 2021",0,274.73,,No,Not started,94
95,§13 Вопрос 6,"October 31, 2021",0,274.73,,No,Not started,95
96,§13 Упражнение 13.1,"October 31, 2021",0,274.73,,No,Not started,96
97,§13 Упражнение 13.2,"October 31, 2021",0,274.73,,No,Not started,97
98,§13 Упражнение 13.3,"October 31, 2021",0,274.73,,No,Not started,98
99,§14 Вопрос 1,"October 31, 2021",0,274.73,,No,Not started,99
100,§14 Вопрос 2,"October 31, 2021",0,274.73,,No,Not started,100
101,§14 Вопрос 3,"October 31, 2021",0,274.73,,No,Not started,101
102,§14 Вопрос 4,"October 31, 2021",0,274.73,,No,Not started,102
103,§14 Вопрос 5,"October 31, 2021",0,274.73,,No,Not started,103
104,§14 Упражнение 14.1,"October 31, 2021",0,274.73,,No,Not started,104
105,§15 Вопрос 1,"October 31, 2021",0,274.73,,No,Not started,105
106,§15 Вопрос 2,"October 31, 2021",0,274.73,,No,Not started,106
107,§15 Вопрос 3,"October 31, 2021",0,274.73,,No,Not started,107
108,§15 Вопрос 4,"October 31, 2021",0,274.73,,No,Not started,108
109,§15 Вопрос 5,"October 31, 2021",0,274.73,,No,Not started,109
110,§15 Вопрос 6,"October 31, 2021",0,274.73,,No,Not started,110
111,§15 Упражнение 15.1,"October 31, 2021",0,274.73,,No,Not started,111
112,§15 Упражнение 15.2,"October 31, 2021",0,274.73,,No,Not started,112
113,§15 Упражнение 15.3,"October 31, 2021",0,274.73,,No,Not started,113
114,§15 Упражнение 15.4,"October 31, 2021",0,274.73,,No,Not started,114
115,§15 Упражнение 15.5,"October 31, 2021",0,274.73,,No,Not started,115
116,§16 Вопрос 1,"October 31, 2021",0,274.73,,No,Not started,116
117,§16 Вопрос 2,"October 31, 2021",0,274.73,,No,Not started,117
118,§16 Вопрос 3,"October 31, 2021",0,274.73,,No,Not started,118
119,§16 Вопрос 4,"October 31, 2021",0,274.73,,No,Not started,119
120,§16 Вопрос 5,"October 31, 2021",0,274.73,,No,Not started,120
121,§16 Упражнение 16.1,"October 31, 2021",0,274.73,,No,Not started,121
122,§16 Упражнение 16.2,"October 31, 2021",0,274.73,,No,Not started,122
123,§16 Упражнение 16.3,"October 31, 2021",0,274.73,,No,Not started,123
124,§16 Упражнение 16.4,"October 31, 2021",0,274.73,,No,Not started,124
125,§16 Упражнение 16.5,"October 31, 2021",0,274.73,,No,Not started,125
126,§16 Упражнение 16.6,"October 31, 2021",0,274.73,,No,Not started,126
127,§17 Вопрос 1,"October 31, 2021",0,274.73,,No,Not started,127
128,§17 Вопрос 2,"October 31, 2021",0,274.73,,No,Not started,128
129,§17 Вопрос 3,"October 31, 2021",0,274.73,,No,Not started,129
130,§17 Упражнение 17.1,"October 31, 2021",0,274.73,,No,Not started,130
131,§17 Упражнение 17.2,"October 31, 2021",0,274.73,,No,Not started,131
132,§17 Упражнение 17.3,"October 31, 2021",0,274.73,,No,Not started,132
133,§18 Вопрос 1,"October 31, 2021",0,274.73,,No,Not started,133
134,§18 Вопрос 2,"October 31, 2021",0,274.73,,No,Not started,134
135,§18 Вопрос 3,"October 31, 2021",0,274.73,,No,Not started,135
136,§18 Вопрос 4,"October 31, 2021",0,274.73,,No,Not started,136
137,§18 Упражнение 18.1,"October 31, 2021",0,274.73,,No,Not started,137
138,§18 Упражнение 18.2,"October 31, 2021",0,274.73,,No,Not started,138
139,§18 Упражнение 18.3,"October 31, 2021",0,274.73,,No,Not started,139
140,§18 Упражнение 18.4,"October 31, 2021",0,274.73,,No,Not started,140
141,§18 Упражнение 18.5,"October 31, 2021",0,274.73,,No,Not started,141
142,§19 Вопрос 1,"October 31, 2021",0,274.73,,No,Not started,142
143,§19 Вопрос 2,"October 31, 2021",0,274.73,,No,Not started,143
144,§19 Вопрос 3,"October 31, 2021",0,274.73,,No,Not started,144
145,§19 Вопрос 4,"October 31, 2021",0,274.73,,No,Not started,145
146,§19 Вопрос 5,"October 31, 2021",0,274.73,,No,Not started,146
147,§19 Вопрос 6,"October 31, 2021",0,274.73,,No,Not started,147
148,§19 Упражнение 19.1,"October 31, 2021",0,274.73,,No,Not started,148
149,§19 Упражнение 19.2,"October 31, 2021",0,274.73,,No,Not started,149
150,§20 Вопрос 1,"October 31, 2021",0,274.73,,No,Not started,150
151,§20 Вопрос 2,"October 31, 2021",0,274.73,,No,Not started,151
152,§20 Вопрос 3,"October 31, 2021",0,274.73,,No,Not started,152
153,§20 Вопрос 4,"October 31, 2021",0,274.73,,No,Not started,153
154,§20 Вопрос 5,"October 31, 2021",0,274.73,,No,Not started,154
155,§20 Вопрос 6,"October 31, 2021",0,274.73,,No,Not started,155
156,§20 Упражнение 20.1,"October 31, 2021",0,274.73,,No,Not started,156
157,§20 Упражнение 20.2,"October 31, 2021",0,274.73,,No,Not started,157
158,§20 Упражнение 20.3,"October 31, 2021",0,274.73,,No,Not started,158
159,§20 Упражнение 20.4,"October 31, 2021",0,274.73,,No,Not started,159
160,§21 Вопрос 1,"October 31, 2021",0,274.73,,No,Not started,160
161,§21 Вопрос 2,"October 31, 2021",0,274.73,,No,Not started,161
162,§21 Вопрос 3,"October 31, 2021",0,274.73,,No,Not started,162
163,§21 Вопрос 4,"October 31, 2021",0,274.73,,No,Not started,163
164,§21 Вопрос 5,"October 31, 2021",0,274.73,,No,Not started,164
165,§21 Вопрос 6,"October 31, 2021",0,274.73,,No,Not started,165
166,§21 Упражнение 21.1,"October 31, 2021",0,274.73,,No,Not started,166
167,§21 Упражнение 21.2,"October 31, 2021",0,274.73,,No,Not started,167
168,§21 Упражнение 21.3,"October 31, 2021",0,274.73,,No,Not started,168
169,§21 Упражнение 21.4,"October 31, 2021",0,274.73,,No,Not started,169
170,§22 Вопрос 1,"October 31, 2021",0,274.73,,No,Not started,170
171,§22 Вопрос 2,"October 31, 2021",0,274.73,,No,Not started,171
172,§22 Вопрос 3,"October 31, 2021",0,274.73,,No,Not started,172
173,§22 Упражнение 22.1,"October 31, 2021",0,274.73,,No,Not started,173
174,§22 Упражнение 22.2,"October 31, 2021",0,274.73,,No,Not started,174
175,§22 Упражнение 22.3,"October 31, 2021",0,274.73,,No,Not started,175
176,§22 Задание 1,"October 31, 2021",0,274.73,,No,Not started,176
177,§22 Проверь себя 1,"October 31, 2021",0,274.73,,No,Not started,177
178,§22 Проверь себя 2,"October 31, 2021",0,274.73,,No,Not started,178
179,§22 Проверь себя 3,"October 31, 2021",0,274.73,,No,Not started,179
180,§22 Проверь себя 4,"October 31, 2021",0,274.73,,No,Not started,180
181,§23 Вопрос 1,"October 31, 2021",0,274.73,,No,Not started,181
182,§23 Вопрос 2,"October 31, 2021",0,274.73,,No,Not started,182
183,§23 Вопрос 3,"October 31, 2021",0,274.73,,No,Not started,183
184,§23 Вопрос 4,"October 31, 2021",0,274.73,,No,Not started,184
185,§23 Вопрос 5,"October 31, 2021",0,274.73,,No,Not started,185
186,§23 Вопрос 6,"October 31, 2021",0,274.73,,No,Not started,186
187,§23 Вопрос 7,"October 31, 2021",0,274.73,,No,Not started,187
188,§23 Упражнение 23.1,"October 31, 2021",0,274.73,,No,Not started,188
189,§23 Упражнение 23.2,"October 31, 2021",0,274.73,,No,Not started,189
190,§23 Упражнение 23.3,"October 31, 2021",0,274.73,,No,Not started,190
191,§24 Вопрос 1,"October 31, 2021",0,274.73,,No,Not started,191
192,§24 Вопрос 2,"October 31, 2021",0,274.73,,No,Not started,192
193,§24 Вопрос 3,"October 31, 2021",0,274.73,,No,Not started,193
194,§24 Вопрос 4,"October 31, 2021",0,274.73,,No,Not started,194
195,§24 Вопрос 5,"October 31, 2021",0,274.73,,No,Not started,195
196,§24 Упражнение 24.1,"October 31, 2021",0,274.73,,No,Not started,196
197,§24 Упражнение 24.2,"October 31, 2021",0,274.73,,No,Not started,197
198,§24 Упражнение 24.3,"October 31, 2021",0,274.73,,No,Not started,198
199,§24 Упражнение 24.4,"October 31, 2021",0,274.73,,No,Not started,199
200,§24 Упражнение 24.5,"October 31, 2021",0,274.73,,No,Not started,200
201,§24 Упражнение 24.6,"October 31, 2021",0,274.73,,No,Not started,201
202,§24 Задание 1,"October 31, 2021",0,274.73,,No,Not started,202
203,§25 Вопрос 1,"October 31, 2021",0,274.73,,No,Not started,203
204,§25 Вопрос 2,"October 31, 2021",0,274.73,,No,Not started,204
205,§25 Вопрос 3,"October 31, 2021",0,274.73,,No,Not started,205
206,§25 Вопрос 4,"October 31, 2021",0,274.73,,No,Not started,206
207,§25 Вопрос 5,"October 31, 2021",0,274.73,,No,Not started,207
208,§25 Вопрос 6,"October 31, 2021",0,274.73,,No,Not started,208
209,§25 Вопрос 7,"October 31, 2021",0,274.73,,No,Not started,209
210,§26 Вопрос 1,"October 31, 2021",0,274.73,,No,Not started,210
211,§26 Вопрос 2,"October 31, 2021",0,274.73,,No,Not started,211
212,§26 Вопрос 3,"October 31, 2021",0,274.73,,No,Not started,212
213,§26 Вопрос 4,"October 31, 2021",0,274.73,,No,Not started,213
214,§26 Вопрос 5,"October 31, 2021",0,274.73,,No,Not started,214
215,§26 Вопрос 6,"October 31, 2021",0,274.73,,No,Not started,215
216,§26 Вопрос 7,"October 31, 2021",0,274.73,,No,Not started,216
217,§26 Упражнение 26.1,"October 31, 2021",0,274.73,,No,Not started,217
218,§26 Упражнение 26.2,"October 31, 2021",0,274.73,,No,Not started,218
219,§26 Упражнение 26.3,"October 31, 2021",0,274.73,,No,Not started,219
220,§26 Упражнение 26.4,"October 31, 2021",0,274.73,,No,Not started,220
221,§27 Вопрос 1,"October 31, 2021",0,274.73,,No,Not started,221
222,§27 Вопрос 2,"October 31, 2021",0,274.73,,No,Not started,222
223,§27 Вопрос 3,"October 31, 2021",0,274.73,,No,Not started,223
224,§27 Вопрос 4,"October 31, 2021",0,274.73,,No,Not started,224
225,§27 Вопрос 5,"October 31, 2021",0,274.73,,No,Not started,225
226,§27 Упражнение 26.1,"October 31, 2021",0,274.73,,No,Not started,226
227,§27 Упражнение 26.2,"October 31, 2021",0,274.73,,No,Not started,227
228,§27 Упражнение 26.3,"October 31, 2021",0,274.73,,No,Not started,228
229,§28 Вопрос 1,"October 31, 2021",0,274.73,,No,Not started,229
230,§28 Вопрос 2,"October 31, 2021",0,274.73,,No,Not started,230
231,§28 Вопрос 3,"October 31, 2021",0,274.73,,No,Not started,231
232,§28 Вопрос 4,"October 31, 2021",0,274.73,,No,Not started,232
233,§28 Вопрос 5,"October 31, 2021",0,274.73,,No,Not started,233
234,§28 Вопрос 6,"October 31, 2021",0,274.73,,No,Not started,234
235,§28 Вопрос 7,"October 31, 2021",0,274.73,,No,Not started,235
236,§29 Вопрос 1,"October 31, 2021",0,274.73,,No,Not started,236
237,§29 Вопрос 2,"October 31, 2021",0,274.73,,No,Not started,237
238,§29 Вопрос 3,"October 31, 2021",0,274.73,,No,Not started,238
239,§29 Вопрос 4,"October 31, 2021",0,274.73,,No,Not started,239
240,§29 Упражнение 27.1,"October 31, 2021",0,274.73,,No,Not started,240
241,§29 Упражнение 27.2,"October 31, 2021",0,274.73,,No,Not started,241
242,§29 Упражнение 27.3,"October 31, 2021",0,274.73,,No,Not started,242
243,§30 Вопрос 1,"October 31, 2021",0,274.73,,No,Not started,243
244,§30 Вопрос 2,"October 31, 2021",0,274.73,,No,Not started,244
245,§30 Вопрос 3,"October 31, 2021",0,274.73,,No,Not started,245
246,§30 Вопрос 4,"October 31, 2021",0,274.73,,No,Not started,246
247,§30 Вопрос 5,"October 31, 2021",0,274.73,,No,Not started,247
248,§30 Упражнение 28.1,"October 31, 2021",0,274.73,,No,Not started,248
249,§31 Вопрос 1,"October 31, 2021",0,274.73,,No,Not started,249
250,§31 Вопрос 2,"October 31, 2021",0,274.73,,No,Not started,250
251,§31 Вопрос 3,"October 31, 2021",0,274.73,,No,Not started,251
252,§31 Вопрос 4,"October 31, 2021",0,274.73,,No,Not started,252
253,§31 Вопрос 5,"October 31, 2021",0,274.73,,No,Not started,253
254,§31 Вопрос 6,"October 31, 2021",0,274.73,,No,Not started,254
255,§31 Вопрос 7,"October 31, 2021",0,274.73,,No,Not started,255
256,§31 Упражнение 29.1,"October 31, 2021",0,274.73,,No,Not started,256
257,§31 Упражнение 29.2,"October 31, 2021",0,274.73,,No,Not started,257
258,§31 Упражнение 29.3,"October 31, 2021",0,274.73,,No,Not started,258
259,§32 Вопрос 1,"October 31, 2021",0,274.73,,No,Not started,259
260,§32 Вопрос 2,"October 31, 2021",0,274.73,,No,Not started,260
261,§32 Вопрос 3,"October 31, 2021",0,274.73,,No,Not started,261
262,§32 Вопрос 4,"October 31, 2021",0,274.73,,No,Not started,262
263,§32 Вопрос 5,"October 31, 2021",0,274.73,,No,Not started,263
264,§32 Упражнение 30.1,"October 31, 2021",0,274.73,,No,Not started,264
265,§32 Упражнение 30.2,"October 31, 2021",0,274.73,,No,Not started,265
266,§32 Упражнение 30.3,"October 31, 2021",0,274.73,,No,Not started,266
267,§32 Упражнение 30.4,"October 31, 2021",0,274.73,,No,Not started,267
268,§32 Упражнение 30.5,"October 31, 2021",0,274.73,,No,Not started,268
269,§32 Упражнение 30.6,"October 31, 2021",0,274.73,,No,Not started,269
270,§33 Вопрос 1,"October 31, 2021",0,274.73,,No,Not started,270
271,§33 Вопрос 2,"October 31, 2021",0,274.73,,No,Not started,271
272,§33 Вопрос 3,"October 31, 2021",0,274.73,,No,Not started,272
273,§33 Вопрос 4,"October 31, 2021",0,274.73,,No,Not started,273
274,§33 Вопрос 5,"October 31, 2021",0,274.73,,No,Not started,274
275,§33 Вопрос 6,"October 31, 2021",0,274.73,,No,Not started,275
276,§33 Задание 1,"October 31, 2021",0,274.73,,No,Not started,276
277,§33 Проверь себя 1,"October 31, 2021",0,274.73,,No,Not started,277
278,§33 Проверь себя 2,"October 31, 2021",0,274.73,,No,Not started,278
279,§33 Проверь себя 3,"October 31, 2021",0,274.73,,No,Not started,279
280,§33 Проверь себя 4,"October 31, 2021",0,274.73,,No,Not started,280
281,§34 Вопрос 1,"October 31, 2021",0,274.73,,No,Not started,281
282,§34 Вопрос 2,"October 31, 2021",0,274.73,,No,Not started,282
283,§34 Вопрос 3,"October 31, 2021",0,274.73,,No,Not started,283
284,§34 Вопрос 4,"October 31, 2021",0,274.73,,No,Not started,284
285,§34 Вопрос 5,"October 31, 2021",0,274.73,,No,Not started,285
286,§34 Вопрос 6,"October 31, 2021",0,274.73,,No,Not started,286
287,§34 Вопрос 7,"October 31, 2021",0,274.73,,No,Not started,287
288,§34 Вопрос 8,"October 31, 2021",0,274.73,,No,Not started,288
289,§34 Упражнение 31.1,"October 31, 2021",0,274.73,,No,Not started,289
290,§34 Упражнение 31.2,"October 31, 2021",0,274.73,,No,Not started,290
291,§34 Упражнение 31.3,"October 31, 2021",0,274.73,,No,Not started,291
292,§35 Вопрос 1,"October 31, 2021",0,274.73,,No,Not started,292
293,§35 Вопрос 2,"October 31, 2021",0,274.73,,No,Not started,293
294,§35 Вопрос 3,"October 31, 2021",0,274.73,,No,Not started,294
295,§35 Вопрос 4,"October 31, 2021",0,274.73,,No,Not started,295
296,§35 Вопрос 5,"October 31, 2021",0,274.73,,No,Not started,296
297,§35 Упражнение 32.1,"October 31, 2021",0,274.73,,No,Not started,297
298,§35 Упражнение 32.2,"October 31, 2021",0,274.73,,No,Not started,298
299,§35 Упражнение 32.3,"October 31, 2021",0,274.73,,No,Not started,299
300,§35 Упражнение 32.4,"October 31, 2021",0,274.73,,No,Not started,300
301,§36 Вопрос 1,"October 31, 2021",0,274.73,,No,Not started,301
302,§36 Вопрос 2,"October 31, 2021",0,274.73,,No,Not started,302
303,§36 Вопрос 3,"October 31, 2021",0,274.73,,No,Not started,303
304,§36 Вопрос 4,"October 31, 2021",0,274.73,,No,Not started,304
305,§36 Вопрос 5,"October 31, 2021",0,274.73,,No,Not started,305
306,§36 Вопрос 6,"October 31, 2021",0,274.73,,No,Not started,306
307,§36 Упражнение 33.1,"October 31, 2021",0,274.73,,No,Not started,307
308,§36 Упражнение 33.2,"October 31, 2021",0,274.73,,No,Not started,308
309,§36 Упражнение 33.3,"October 31, 2021",0,274.73,,No,Not started,309
310,§36 Упражнение 33.4,"October 31, 2021",0,274.73,,No,Not started,310
311,§36 Упражнение 33.5,"October 31, 2021",0,274.73,,No,Not started,311
312,§37 Вопрос 1,"October 31, 2021",0,274.73,,No,Not started,312
313,§37 Вопрос 2,"October 31, 2021",0,274.73,,No,Not started,313
314,§37 Вопрос 3,"October 31, 2021",0,274.73,,No,Not started,314
315,§37 Вопрос 4,"October 31, 2021",0,274.73,,No,Not started,315
316,§37 Вопрос 5,"October 31, 2021",0,274.73,,No,Not started,316
317,§37 Упражнение 34.1,"October 31, 2021",0,274.73,,No,Not started,317
318,§37 Упражнение 34.2,"October 31, 2021",0,274.73,,No,Not started,318
319,§38 Вопрос 1,"October 31, 2021",0,274.73,,No,Not started,319
320,§38 Вопрос 2,"October 31, 2021",0,274.73,,No,Not started,320
321,§38 Вопрос 3,"October 31, 2021",0,274.73,,No,Not started,321
322,§38 Вопрос 4,"October 31, 2021",0,274.73,,No,Not started,322
323,§38 Упражнение 35.1,"October 31, 2021",0,274.73,,No,Not started,323
324,§39 Вопрос 1,"October 31, 2021",0,274.73,,No,Not started,324
325,§39 Вопрос 2,"October 31, 2021",0,274.73,,No,Not started,325
326,§39 Вопрос 3,"October 31, 2021",0,274.73,,No,Not started,326
327,§39 Вопрос 4,"October 31, 2021",0,274.73,,No,Not started,327
328,§39 Упражнение 36.1,"October 31, 2021",0,274.73,,No,Not started,328
329,§39 Упражнение 36.2,"October 31, 2021",0,274.73,,No,Not started,329
330,§40 Вопрос 1,"October 31, 2021",0,274.73,,No,Not started,330
331,§40 Вопрос 2,"October 31, 2021",0,274.73,,No,Not started,331
332,§40 Вопрос 3,"October 31, 2021",0,274.73,,No,Not started,332
333,§40 Вопрос 4,"October 31, 2021",0,274.73,,No,Not started,333
334,§40 Вопрос 5,"October 31, 2021",0,274.73,,No,Not started,334
335,§40 Упражнение 37.1,"October 31, 2021",0,274.73,,No,Not started,335
336,§40 Упражнение 37.2,"October 31, 2021",0,274.73,,No,Not started,336
337,§41 Вопрос 1,"October 31, 2021",0,274.73,,No,Not started,337
338,§41 Вопрос 2,"October 31, 2021",0,274.73,,No,Not started,338
339,§41 Вопрос 3,"October 31, 2021",0,274.73,,No,Not started,339
340,§41 Вопрос 4,"October 31, 2021",0,274.73,,No,Not started,340
341,§41 Вопрос 5,"October 31, 2021",0,274.73,,No,Not started,341
342,§41 Упражнение 38.1,"October 31, 2021",0,274.73,,No,Not started,342
343,§42 Вопрос 1,"October 31, 2021",0,274.73,,No,Not started,343
344,§42 Вопрос 2,"October 31, 2021",0,274.73,,No,Not started,344
345,§42 Вопрос 3,"October 31, 2021",0,274.73,,No,Not started,345
346,§42 Вопрос 4,"October 31, 2021",0,274.73,,No,Not started,346
347,§42 Вопрос 5,"October 31, 2021",0,274.73,,No,Not started,347
348,§42 Вопрос 6,"October 31, 2021",0,274.73,,No,Not started,348
349,§42 Вопрос 7,"October 31, 2021",0,274.73,,No,Not started,349
350,§42 Вопрос 8,"October 31, 2021",0,274.73,,No,Not started,350
351,§42 Упражнение 39.1,"October 31, 2021",0,274.73,,No,Not started,351
352,§42 Упражнение 39.2,"October 31, 2021",0,274.73,,No,Not started,352
353,§43 Вопрос 1,"October 31, 2021",0,274.73,,No,Not started,353
354,§43 Вопрос 2,"October 31, 2021",0,274.73,,No,Not started,354
355,§43 Вопрос 3,"October 31, 2021",0,274.73,,No,Not started,355
356,§43 Вопрос 4,"October 31, 2021",0,274.73,,No,Not started,356
357,§43 Упражнение 40.1,"October 31, 2021",0,274.73,,No,Not started,357
358,§44 Вопрос 1,"October 31, 2021",0,274.73,,No,Not started,358
359,§44 Вопрос 2,"October 31, 2021",0,274.73,,No,Not started,359
360,§44 Вопрос 3,"October 31, 2021",0,274.73,,No,Not started,360
361,§44 Вопрос 4,"October 31, 2021",0,274.73,,No,Not started,361
362,§44 Вопрос 5,"October 31, 2021",0,274.73,,No,Not started,362
363,§44 Вопрос 6,"October 31, 2021",0,274.73,,No,Not started,363
364,§44 Упражнение 41.1,"October 31, 2021",0,274.73,,No,Not started,364
365,§44 Упражнение 41.2,"October 31, 2021",0,274.73,,No,Not started,365
366,§44 Упражнение 41.3,"October 31, 2021",0,274.73,,No,Not started,366
367,§45 Вопрос 1,"October 31, 2021",0,274.73,,No,Not started,367
368,§45 Вопрос 2,"October 31, 2021",0,274.73,,No,Not started,368
369,§45 Вопрос 3,"October 31, 2021",0,274.73,,No,Not started,369
370,§45 Вопрос 4,"October 31, 2021",0,274.73,,No,Not started,370
371,§45 Вопрос 5,"October 31, 2021",0,274.73,,No,Not started,371
372,§45 Вопрос 6,"October 31, 2021",0,274.73,,No,Not started,372
373,§45 Вопрос 7,"October 31, 2021",0,274.73,,No,Not started,373
374,§45 Упражнение 42.1,"October 31, 2021",0,274.73,,No,Not started,374
375,§46 Вопрос 1,"October 31, 2021",0,274.73,,No,Not started,375
376,§46 Вопрос 2,"October 31, 2021",0,274.73,,No,Not started,376
377,§46 Вопрос 3,"October 31, 2021",0,274.73,,No,Not started,377
378,§46 Вопрос 4,"October 31, 2021",0,274.73,,No,Not started,378
379,§46 Вопрос 5,"October 31, 2021",0,274.73,,No,Not started,379
380,§46 Вопрос 6,"October 31, 2021",0,274.73,,No,Not started,380
381,§46 Вопрос 7,"October 31, 2021",0,274.73,,No,Not started,381
382,§46 Упражнение 43.1,"October 31, 2021",0,274.73,,No,Not started,382
383,§47 Вопрос 1,"October 31, 2021",0,274.73,,No,Not started,383
384,§47 Вопрос 2,"October 31, 2021",0,274.73,,No,Not started,384
385,§47 Вопрос 3,"October 31, 2021",0,274.73,,No,Not started,385
386,§47 Вопрос 4,"October 31, 2021",0,274.73,,No,Not started,386
387,§48 Вопрос 1,"October 31, 2021",0,274.73,,No,Not started,387
388,§48 Вопрос 2,"October 31, 2021",0,274.73,,No,Not started,388
389,§48 Вопрос 3,"October 31, 2021",0,274.73,,No,Not started,389
390,§48 Вопрос 4,"October 31, 2021",0,274.73,,No,Not started,390
391,§48 Вопрос 5,"October 31, 2021",0,274.73,,No,Not started,391
392,§48 Вопрос 6,"October 31, 2021",0,274.73,,No,Not started,392
393,§48 Упражнение 44.1,"October 31, 2021",0,274.73,,No,Not started,393
394,§48 Упражнение 44.2,"October 31, 2021",0,274.73,,No,Not started,394
395,§48 Упражнение 44.3,"October 31, 2021",0,274.73,,No,Not started,395
396,§48 Упражнение 44.4,"October 31, 2021",0,274.73,,No,Not started,396
397,§49 Вопрос 1,"October 31, 2021",0,274.73,,No,Not started,397
398,§49 Вопрос 2,"October 31, 2021",0,274.73,,No,Not started,398
399,§49 Вопрос 3,"October 31, 2021",0,274.73,,No,Not started,399
400,§49 Вопрос 4,"October 31, 2021",0,274.73,,No,Not started,400
401,§49 Вопрос 5,"October 31, 2021",0,274.73,,No,Not started,401
402,§49 Вопрос 6,"October 31, 2021",0,274.73,,No,Not started,402
403,§49 Вопрос 7,"October 31, 2021",0,274.73,,No,Not started,403
404,§49 Упражнение 45.1,"October 31, 2021",0,274.73,,No,Not started,404
405,§49 Упражнение 45.2,"October 31, 2021",0,274.73,,No,Not started,405
406,§49 Упражнение 45.3,"October 31, 2021",0,274.73,,No,Not started,406
407,§50 Вопрос 1,"October 31, 2021",0,274.73,,No,Not started,407
408,§50 Вопрос 2,"October 31, 2021",0,274.73,,No,Not started,408
409,§50 Вопрос 3,"October 31, 2021",0,274.73,,No,Not started,409
410,§50 Вопрос 4,"October 31, 2021",0,274.73,,No,Not started,410
411,§50 Вопрос 5,"October 31, 2021",0,274.73,,No,Not started,411
412,§50 Вопрос 6,"October 31, 2021",0,274.73,,No,Not started,412
413,§50 Вопрос 7,"October 31, 2021",0,274.73,,No,Not started,413
414,§51 Вопрос 1,"October 31, 2021",0,274.73,,No,Not started,414
415,§51 Вопрос 2,"October 31, 2021",0,274.73,,No,Not started,415
416,§51 Вопрос 3,"October 31, 2021",0,274.73,,No,Not started,416
417,§51 Вопрос 4,"October 31, 2021",0,274.73,,No,Not started,417
418,§51 Задание 1,"October 31, 2021",0,274.73,,No,Not started,418
419,§51 Проверь себя 1,"October 31, 2021",0,274.73,,No,Not started,419
420,§51 Проверь себя 2,"October 31, 2021",0,274.73,,No,Not started,420
421,§51 Проверь себя 3,"October 31, 2021",0,274.73,,No,Not started,421
422,§51 Проверь себя 4,"October 31, 2021",0,274.73,,No,Not started,422
423,§52 Вопрос 1,"October 31, 2021",0,274.73,,No,Not started,423
424,§52 Вопрос 2,"October 31, 2021",0,274.73,,No,Not started,424
425,§52 Вопрос 3,"October 31, 2021",0,274.73,,No,Not started,425
426,§52 Вопрос 4,"October 31, 2021",0,274.73,,No,Not started,426
427,§52 Вопрос 5,"October 31, 2021",0,274.73,,No,Not started,427
428,§52 Вопрос 6,"October 31, 2021",0,274.73,,No,Not started,428
429,§52 Вопрос 7,"October 31, 2021",0,274.73,,No,Not started,429
430,§53 Вопрос 1,"October 31, 2021",0,274.73,,No,Not started,430
431,§53 Вопрос 2,"October 31, 2021",0,274.73,,No,Not started,431
432,§53 Вопрос 3,"October 31, 2021",0,274.73,,No,Not started,432
433,§53 Вопрос 4,"October 31, 2021",0,274.73,,No,Not started,433
434,§53 Вопрос 5,"October 31, 2021",0,274.73,,No,Not started,434
435,§53 Вопрос 6,"October 31, 2021",0,274.73,,No,Not started,435
436,§53 Упражнение 46.1,"October 31, 2021",0,274.73,,No,Not started,436
437,§53 Упражнение 46.2,"October 31, 2021",0,274.73,,No,Not started,437
438,§53 Упражнение 46.3,"October 31, 2021",0,274.73,,No,Not started,438
439,§53 Упражнение 46.4,"October 31, 2021",0,274.73,,No,Not started,439
440,§53 Упражнение 46.5,"October 31, 2021",0,274.73,,No,Not started,440
441,§54 Вопрос 1,"October 31, 2021",0,274.73,,No,Not started,441
442,§54 Вопрос 2,"October 31, 2021",0,274.73,,No,Not started,442
443,§54 Вопрос 3,"October 31, 2021",0,274.73,,No,Not started,443
444,§54 Вопрос 4,"October 31, 2021",0,274.73,,No,Not started,444
445,§54 Вопрос 5,"October 31, 2021",0,274.73,,No,Not started,445
446,§55 Вопрос 1,"October 31, 2021",0,274.73,,No,Not started,446
447,§55 Вопрос 2,"October 31, 2021",0,274.73,,No,Not started,447
448,§55 Вопрос 3,"October 31, 2021",0,274.73,,No,Not started,448
449,§55 Вопрос 4,"October 31, 2021",0,274.73,,No,Not started,449
450,§55 Вопрос 5,"October 31, 2021",0,274.73,,No,Not started,450
451,§55 Вопрос 6,"October 31, 2021",0,274.73,,No,Not started,451
452,§55 Упражнение 47.1,"October 31, 2021",0,274.73,,No,Not started,452
453,§56 Вопрос 1,"October 31, 2021",0,274.73,,No,Not started,453
454,§56 Вопрос 2,"October 31, 2021",0,274.73,,No,Not started,454
455,§56 Вопрос 3,"October 31, 2021",0,274.73,,No,Not started,455
456,§56 Вопрос 4,"October 31, 2021",0,274.73,,No,Not started,456
457,§56 Вопрос 5,"October 31, 2021",0,274.73,,No,Not started,457
458,§56 Вопрос 6,"October 31, 2021",0,274.73,,No,Not started,458
459,§56 Вопрос 7,"October 31, 2021",0,274.73,,No,Not started,459
460,§56 Упражнение 48.1,"October 31, 2021",0,274.73,,No,Not started,460
461,§56 Упражнение 48.2,"October 31, 2021",0,274.73,,No,Not started,461
462,§56 Упражнение 48.3,"October 31, 2021",0,274.73,,No,Not started,462
463,§56 Упражнение 48.4,"October 31, 2021",0,274.73,,No,Not started,463
464,§56 Упражнение 48.5,"October 31, 2021",0,274.73,,No,Not started,464
465,§56 Упражнение 48.6,"October 31, 2021",0,274.73,,No,Not started,465
466,§57 Вопрос 1,"October 31, 2021",0,274.73,,No,Not started,466
467,§57 Вопрос 2,"October 31, 2021",0,274.73,,No,Not started,467
468,§57 Вопрос 3,"October 31, 2021",0,274.73,,No,Not started,468
469,§58 Вопрос 1,"October 31, 2021",0,274.73,,No,Not started,469
470,§58 Вопрос 2,"October 31, 2021",0,274.73,,No,Not started,470
471,§58 Вопрос 3,"October 31, 2021",0,274.73,,No,Not started,471
472,§58 Вопрос 4,"October 31, 2021",0,274.73,,No,Not started,472
473,§58 Вопрос 5,"October 31, 2021",0,274.73,,No,Not started,473
474,§58 Вопрос 6,"October 31, 2021",0,274.73,,No,Not started,474
475,§58 Вопрос 7,"October 31, 2021",0,274.73,,No,Not started,475
476,§59 Вопрос 1,"October 31, 2021",0,274.73,,No,Not started,476
477,§59 Вопрос 2,"October 31, 2021",0,274.73,,No,Not started,477
478,§59 Вопрос 3,"October 31, 2021",0,274.73,,No,Not started,478
479,§59 Вопрос 4,"October 31, 2021",0,274.73,,No,Not started,479
480,§59 Вопрос 5,"October 31, 2021",0,274.73,,No,Not started,480
481,§59 Вопрос 6,"October 31, 2021",0,274.73,,No,Not started,481
482,§60 Вопрос 1,"October 31, 2021",0,274.73,,No,Not started,482
483,§60 Вопрос 2,"October 31, 2021",0,274.73,,No,Not started,483
484,§60 Вопрос 3,"October 31, 2021",0,274.73,,No,Not started,484
485,§60 Вопрос 4,"October 31, 2021",0,274.73,,No,Not started,485
486,§60 Задание 1,"October 31, 2021",0,274.73,,No,Not started,486
487,§61 Вопрос 1,"October 31, 2021",0,274.73,,No,Not started,487
488,§61 Вопрос 2,"October 31, 2021",0,274.73,,No,Not started,488
489,§61 Вопрос 3,"October 31, 2021",0,274.73,,No,Not started,489
490,§61 Вопрос 4,"October 31, 2021",0,274.73,,No,Not started,490
491,§61 Вопрос 5,"October 31, 2021",0,274.73,,No,Not started,491
492,§61 Вопрос 6,"October 31, 2021",0,274.73,,No,Not started,492
493,§61 Вопрос 7,"October 31, 2021",0,274.73,,No,Not started,493
494,§62 Вопрос 1,"October 31, 2021",0,274.73,,No,Not started,494
495,§62 Вопрос 2,"October 31, 2021",0,274.73,,No,Not started,495
496,§62 Вопрос 3,"October 31, 2021",0,274.73,,No,Not started,496
497,§62 Вопрос 4,"October 31, 2021",0,274.73,,No,Not started,497
498,§62 Вопрос 5,"October 31, 2021",0,274.73,,No,Not started,498
499,§62 Вопрос 6,"October 31, 2021",0,274.73,,No,Not started,499
500,§62 Вопрос 7,"October 31, 2021",0,274.73,,No,Not started,500
501,§62 Проверь себя 1,"October 31, 2021",0,274.73,,No,Not started,501
502,§62 Проверь себя 2,"October 31, 2021",0,274.73,,No,Not started,502
503,§62 Проверь себя 3,"October 31, 2021",0,274.73,,No,Not started,503
504,§62 Проверь себя 4,"October 31, 2021",0,274.73,,No,Not started,504
505,§63 Вопрос 1,"October 31, 2021",0,274.73,,No,Not started,505
506,§63 Вопрос 2,"October 31, 2021",0,274.73,,No,Not started,506
507,§63 Вопрос 3,"October 31, 2021",0,274.73,,No,Not started,507
508,§63 Вопрос 4,"October 31, 2021",0,274.73,,No,Not started,508
509,§64 Вопрос 1,"October 31, 2021",0,274.73,,No,Not started,509
510,§64 Вопрос 2,"October 31, 2021",0,274.73,,No,Not started,510
511,§64 Вопрос 3,"October 31, 2021",0,274.73,,No,Not started,511
512,§64 Вопрос 4,"October 31, 2021",0,274.73,,No,Not started,512
513,§64 Вопрос 5,"October 31, 2021",0,274.73,,No,Not started,513
514,§64 Вопрос 6,"October 31, 2021",0,274.73,,No,Not started,514
515,§64 Вопрос 7,"October 31, 2021",0,274.73,,No,Not started,515
516,§64 Упражнение 49.1,"October 31, 2021",0,274.73,,No,Not started,516
517,§64 Упражнение 49.2,"October 31, 2021",0,274.73,,No,Not started,517
518,§65 Вопрос 1,"October 31, 2021",0,274.73,,No,Not started,518
519,§65 Вопрос 2,"October 31, 2021",0,274.73,,No,Not started,519
520,§65 Вопрос 3,"October 31, 2021",0,274.73,,No,Not started,520
521,§65 Вопрос 4,"October 31, 2021",0,274.73,,No,Not started,521
522,§66 Вопрос 1,"October 31, 2021",0,274.73,,No,Not started,522
523,§66 Вопрос 2,"October 31, 2021",0,274.73,,No,Not started,523
524,§66 Вопрос 3,"October 31, 2021",0,274.73,,No,Not started,524
525,§66 Вопрос 4,"October 31, 2021",0,274.73,,No,Not started,525
526,§66 Вопрос 5,"October 31, 2021",0,274.73,,No,Not started,526
527,§66 Вопрос 6,"October 31, 2021",0,274.73,,No,Not started,527
528,§67 Вопрос 1,"October 31, 2021",0,274.73,,No,Not started,528
529,§67 Вопрос 2,"October 31, 2021",0,274.73,,No,Not started,529
530,§67 Вопрос 3,"October 31, 2021",0,274.73,,No,Not started,530
531,§67 Задание 1,"October 31, 2021",0,274.73,,No,Not started,531
532,§67 Задание 2,"October 31, 2021",0,274.73,,No,Not started,532
533,§67 Проверь себя 1,"October 31, 2021",0,274.73,,No,Not started,533
534,§67 Проверь себя 2,"October 31, 2021",0,274.73,,No,Not started,534
535,§67 Проверь себя 3,"October 31, 2021",0,274.73,,No,Not started,535
536,§67 Проверь себя 4,"October 31, 2021",0,274.73,,No,Not started,536
537,Лабораторная работа 1,"October 31, 2021",0,274.73,,No,Not started,537
538,Лабораторная работа 2,"October 31, 2021",0,274.73,,No,Not started,538
539,Лабораторная работа 3,"October 31, 2021",0,274.73,,No,Not started,539
540,Лабораторная работа 4,"October 31, 2021",0,274.73,,No,Not started,540
541,Лабораторная работа 5,"October 31, 2021",0,274.73,,No,Not started,541
542,Лабораторная работа 6,"October 31, 2021",0,274.73,,No,Not started,542
543,Лабораторная работа 7,"October 31, 2021",0,274.73,,No,Not started,543
544,Лабораторная работа 8,"October 31, 2021",0,274.73,,No,Not started,544
545,Лабораторная работа 9,"October 31, 2021",0,274.73,,No,Not started,545
